original	extracted
031c534a97031c202abac17be1e5611fdf531ed0	c5dc8d70340b2a1efd3d56d014506133eadaa196
04b46e5619a5d0edeaee5cce4d72e99fcb3421ca	71141eb7575a048f70653d2fb9e62aa99fa7b599
0a2fb31d8d4ea338a209ad58818882adbedd9a08	79907a0f7e2bb21388bfc208c40cf8e6dd7c8c9a
0d2fb641d12279686b43b80104a618e554fcafa0	31010813946d01dbbebfecb4b409e4b7f2d18b86
11ac3ffb934b36981364d270d63509ccf476abcd	bd02da657af48424cf3e92b65e72ef50311ced92
14abcf796eed1fb8201d9a0a8a7e238ee9f7f64a	8b9f328025bb8a4c6d41b14418e04aff14910bf9
1fc7a37b59de75b2458392a64aada8ac4c341d5e	1416576e3157548f9d1b8e25467b3cae97af04ef
291d4a49afa9589e2c852dbc318ccd8c6e0a2d22	fd6e530235709f9d6c71731455cf836b0e1d7a1e
327f21198cdebcb9942d4764a6d62e22461df703	27e0cface43adfe93fa9db7399d9de849b32ad0d
35289d6abdb06f9823a229902f2058aed2bb2ccd	e6496b3fb951424fb9cbb8c43821e32dbcd41b18
369b403559b7cf4ecd352e6278c9391f16ab42aa	0bfe3b1d54bec3c62853cc007f7b539d07e43668
37673ce1943b01ec854bddd558d115233ba235a9	958fe3d978a33d2b6e256aae9517547996c4227c
3ecdfc32e8b588bb0ea0294e7106f039c94bd90c	6fe8133bdc809aca86f19e13c4f0e1aa17fa1748
3fdbae8ee61668bd10ef2ee7f6344d5f0cd836b7	57c573ef014906c94973d27f48516e276ab94b4b
42493538472daf5a07b7ec8f8f37b4ae03ca2c93	4bbe784c12f7aa2136f2312aaf162cbf7f2d23ad
4553bda9f5bd3075ec8b5ba5735c690acee0aef8	3e0b33c2b57d5faa860be454cb7e61c8599461de
48b628e8aff1bea410c89d65f9f5808289f070de	e24e6ce52b04567f7ace02a6b51eae48b5bd8662
4a510569d88a0e1ba181c7a35edc8c70d1cde622	feca851e648075ce01d476a67cf6916a528196f5
52747aa9ee7fedfe49e742118363be19f2397479	2aa8ec664e41f3f5b2bf0e3c5fe1cb3a4b7160d0
530d6f80851d8353171b565674fb6c2a64bb8995	b504d8d01e11b9d4cc4720898bd0c9019af04672
53de4252b1908320e278b003b7d25da6183cfb8a	d11c899ab18f2592963bd62af494fd770499e134
584140685af2e60746f91892e86e71dd58e2260d	d25c6cb31ae72246f018362cb45f316078ed2dd8
65cd1f2d30aa4106c9df8843fc5bfb1b88ad0493	ccde65299184c12a7daae9a1fb2cbf6ba2347904
669c58ca394ab8d3571465c237fabc79386d4ad4	b33da3f057cd2e0d0e781a183d561be71943f0fb
6a9590a0f65e9f5908c387611c146c728bb663f7	4ccdb43fc020039f68156061928c75019baaf073
70075862907ed27b7e0d830d1cd35daa4608669d	dcbd9ea71a4346d49d14c728fd7a8bdb1b3f984d
7189ae6b798c38d5326c78624a5edcb8bd116668	0db85c687f8b08be3e34e2308af34d7b6afb885e
72f077244b55b2821260bc28e5b29774d3a2de2b	0cc315562cdeff66e9c643e63e6d090651d2dd7d
801ac95fb3cefb4d856ed03eb402a672d0fddddf	e2c2c846079e540c99bba4ae764e47b04a1aa26a
81528495ecd8beb702e345b3626a9b1b3636ed83	f4c34df47597ebee57d4461abaefa6802086d624
82fd7e49faf39601605106cec4bfe1209eef18d2	b7e206b4d760c7c60d4e30a29e4b2a5caa87ba9b
84e65122cda2cc9c4bed207a686dd84367f1f869	40c9c82eaf09016b24d16f76dda6bfc67a8329c9
87006dbc5de04f3ff81327c519791974fef4221d	0c9225995f994cb896d29d71028efa3c3ee6cc34
8dfd9c284351788226810054de5ed2aa97ae37df	cecefb30b024c638826b6e9a19ecec145ce9e70b
908e5c314d734bc582bb8b57d788ef1cbb7c85c2	fa33af2f05bd3e09e96841ac65e125fcf103e6cb
a26aca0fd7c5e920d11956cebd51ba570e18e8ed	051505e2a6306e652f2a29a8820d19bb84d9b3fb
a33f3490f991dfab1e51704507ba2bcc0ee3d0d4	ae0fc5c17e2085f23defda04f8afdfb27bbfca2a
a4bed02c7ac0a59f87821933f31be29386de63c2	92d4efd93b1bc22624ef2ff3ccfd87368358db6c
a59d195dba6b45f892fa63959137b9b8ef465ac5	5ee81a0782c0020a21600a5ecc887d929b8d5255
ac2e91f69be0983fd8932b43057b332646da97b4	bbe3d12a03f918c3d33bebd5900d6f0ec58296b1
ac97f49f5c1fd603c5b45240bce55d2aac8af3a5	76df5bd9981aac63223d96e32e7dd8474c7c3880
b93addd348ba9fbe427b5d18ff16744266a7e5c1	8b8dbe4ef874d1a001cd512d1dd76527c9dc92c0
bca38e5e4a08f6e54896b6354414ba9734a491f7	905ab9d6547ef4c055ff014ace829fcb4b04cb55
bcc9e207f2b34592193ff8ff17c2afedb48ef6e8	2808e1fa5c3b4e4eacc7ef334bca5fd3f774140f
c202ef488ffe10c800eead806c63ca6046612e2a	d957528c6a9fd256c3b1604405871c19628d738b
c53f28fe8cf43f97fd09c8c88403000da9fdee0e	010b1b820e3b5ee7e70dd7c855e8791d470f3167
ca63ed6f2f1720f23e085d9a66979a0d4a305ab6	d7a2e5c0afcc55da1848b5caf5256c7ac09347e5
cdd6c4b5430a9d27d5e2fe25a8ee7f1d60691f9e	7000acd0c2bbbb36e65833ab579ed269af350da5
d123f6889736f5f62ce8085fe530a72fd069cf43	53b09e992b086a26aed11598c6fce8b03d27a24d
d3896b2f4a59ca017cb90ae93f2a65242922e915	dffe4bf76b454d138c8086a357cb13102eadff17
d52253f55ad95ca8c0b9f2296ee070a14e21a2df	110e4bfea21a5f1e68a33c299e61d04d93c4a52a
d692168f5115dcc47d7dfe78f799d15f0d6621ae	057749b1a90aca9fd20f234da784039a63543b8c
de4a87fcd1630d0851bbbfdf7381b5cbd08eb669	cb8abfb98a0694b4d3c31ce578e83cb8eea2f51b
de90d8cf2de3f5e7a84b56631a26b54a8f2bd0e2	1d3cee8602e78ed18325623028d91a118aa09835
dea5058ad1d7444919c052f492fe2c139c59b90a	b7fccd4718d44e87d047115fe1e5cdecbebb841b
e62f0ce9250901a88af89e2aca7ebf99beee8400	1474da4d4cc3e2afe8ffa254573fe72a02419d2b
efe6449313a73db8f8a95ac1e8240a6f3b905731	d9bb3e2b369cee340e81df7b7eebd22dad64744f
f23bd8d5f126c9eead05669a95e29f9a16be8896	6297c5eb36dbf33c8a630a8166e5b0d2f5e91209
f610ef5694d0197f190d81d52b3a390869f8a269	1de49c02e29b1eab5e3e5155c07403c39d53da36
fa98ed0396a1d8b30a0a109f79a79342ab4be851	7e5d75b3770e7357fe7e1f13fa9cf4550517582e
